month,day,year
February,23,2015
April,2,2015
March,14,2015
March,11,2015
March,19,2015
March,7,2015
March,27,2015
March,26,2015
January,28,2015
February,7,2015
April,26,2015
May,12,2015
February,20,2015
February,25,2015
April,6,2015
May,30,2015
April,30,2015
May,19,2015
March,17,2015
January,26,2015
February,26,2015
January,7,2015
February,13,2015
March,13,2015
April,29,2015
March,17,2015
January,21,2015
April,23,2015
March,6,2015
January,9,2015
April,10,2015
March,27,2015
February,10,2015
May,25,2015
February,22,2015
May,19,2015
March,9,2015
February,3,2015
March,12,2015
February,10,2015
January,8,2015
March,17,2015
March,8,2015
May,17,2015
January,6,2015
March,11,2015
March,31,2015
March,6,2015
February,17,2015
May,3,2015
April,26,2015
March,12,2015
February,22,2015
March,19,2015
April,25,2015
March,18,2015
May,6,2015
March,31,2015
January,11,2015
February,10,2015
January,6,2015
January,6,2015
February,15,2015
May,12,2015
March,29,2015
February,22,2015
March,4,2015
April,22,2015
January,18,2015
May,14,2015
May,23,2015
March,9,2015
April,13,2015
February,15,2015
March,1,2015
February,27,2015
January,27,2015
May,21,2015
April,14,2015
March,22,2015
March,10,2015
April,3,2015
March,13,2015
February,15,2015
January,28,2015
February,28,2015
February,26,2015
May,12,2015
May,12,2015
May,26,2015
April,19,2015
January,17,2015
February,16,2015
April,21,2015
April,25,2015
February,24,2015
February,15,2015
April,21,2015
January,24,2015
March,1,2015
April,16,2015
May,28,2015
April,2,2015
January,24,2015
February,26,2015
May,19,2015
May,21,2015
January,26,2015
May,7,2015
April,16,2015
February,2,2015
April,3,2015
April,28,2015
May,8,2015
March,17,2015
March,15,2015
February,9,2015
April,26,2015
March,26,2015
March,17,2015
May,8,2015
January,23,2015
May,15,2015
May,17,2015
March,22,2015
March,4,2015
February,9,2015
April,6,2015
March,1,2015
March,22,2015
January,15,2015
February,3,2015
April,8,2015
March,30,2015
April,9,2015
April,2,2015
April,2,2015
March,1,2015
April,15,2015
January,15,2015
February,17,2015
April,8,2015
March,27,2015
May,30,2015
March,10,2015
January,31,2015
April,17,2015
May,3,2015
May,21,2015
March,21,2015
April,2,2015
May,23,2015
April,7,2015
April,30,2015
April,18,2015
April,15,2015
February,27,2015
April,4,2015
March,17,2015
March,3,2015
April,25,2015
May,27,2015
February,11,2015
February,2,2015
February,25,2015
April,15,2015
March,13,2015
April,12,2015
April,30,2015
March,18,2015
January,1,2015
May,27,2015
April,25,2015
March,27,2015
March,21,2015
March,11,2015
February,25,2015
April,9,2015
March,30,2015
April,18,2015
May,27,2015
March,27,2015
January,7,2015
April,23,2015
February,6,2015
February,15,2015
January,16,2015
March,9,2015
February,2,2015
February,28,2015
January,21,2015
April,13,2015
February,4,2015
February,2,2015
March,27,2015
February,7,2015
January,8,2015
June,1,2015
May,20,2015
March,9,2015
March,21,2015
March,11,2015
May,23,2015
March,13,2015
March,22,2015
May,31,2015
May,28,2015
March,10,2015
March,19,2015
February,19,2015
April,6,2015
April,28,2015
February,21,2015
May,6,2015
April,12,2015
February,14,2015
March,30,2015
March,20,2015
May,21,2015
March,17,2015
April,30,2015
April,17,2015
March,22,2015
January,14,2015
May,31,2015
March,1,2015
March,31,2015
March,25,2015
February,5,2015
January,27,2015
May,21,2015
February,23,2015
April,9,2015
January,26,2015
February,28,2015
May,26,2015
January,9,2015
February,4,2015
February,4,2015
April,30,2015
March,30,2015
January,21,2015
May,7,2015
January,30,2015
January,13,2015
January,3,2015
February,5,2015
February,10,2015
January,18,2015
May,20,2015
April,22,2015
February,13,2015
May,19,2015
March,12,2015
February,12,2015
January,23,2015
January,15,2015
April,22,2015
February,24,2015
January,7,2015
February,8,2015
April,23,2015
May,7,2015
April,15,2015
March,24,2015
April,8,2015
April,29,2015
January,26,2015
April,28,2015
March,19,2015
March,16,2015
May,11,2015
April,4,2015
April,23,2015
April,14,2015
January,16,2015
March,18,2015
May,11,2015
April,3,2015
March,19,2015
January,4,2015
January,5,2015
May,28,2015
February,10,2015
May,2,2015
February,21,2015
May,29,2015
May,3,2015
April,21,2015
January,22,2015
May,28,2015
February,9,2015
January,28,2015
February,15,2015
February,3,2015
January,6,2015
March,9,2015
January,2,2015
May,10,2015
January,8,2015
May,13,2015
January,14,2015
April,22,2015
April,29,2015
April,21,2015
April,12,2015
January,14,2015
May,20,2015
January,14,2015
April,15,2015
April,24,2015
May,15,2015
April,8,2015
February,4,2015
May,20,2015
January,28,2015
January,1,2015
February,13,2015
May,16,2015
January,4,2015
February,17,2015
March,3,2015
March,27,2015
May,4,2015
February,16,2015
April,19,2015
May,10,2015
January,14,2015
February,18,2015
January,3,2015
April,8,2015
May,22,2015
March,8,2015
May,7,2015
January,5,2015
February,23,2015
January,21,2015
May,26,2015
March,8,2015
March,23,2015
May,3,2015
March,6,2015
February,8,2015
January,15,2015
May,29,2015
March,27,2015
May,7,2015
January,7,2015
March,24,2015
January,27,2015
May,20,2015
April,19,2015
May,6,2015
January,8,2015
January,25,2015
January,17,2015
January,6,2015
April,4,2015
January,19,2015
February,4,2015
February,17,2015
March,21,2015
April,9,2015
January,16,2015
February,11,2015
March,31,2015
January,15,2015
January,29,2015
May,27,2015
January,26,2015
April,21,2015
April,12,2015
February,13,2015
March,14,2015
May,31,2015
April,6,2015
January,13,2015
April,10,2015
March,20,2015
March,30,2015
May,4,2015
May,29,2015
March,19,2015
January,14,2015
January,23,2015
May,5,2015
February,23,2015
March,29,2015
April,1,2015
March,17,2015
January,1,2015
April,8,2015
February,26,2015
January,16,2015
April,16,2015
January,7,2015
May,17,2015
February,14,2015
February,20,2015
February,27,2015
March,11,2015
March,13,2015
January,11,2015
February,4,2015
May,8,2015
April,20,2015
February,8,2015
March,24,2015
May,27,2015
May,14,2015
March,5,2015
March,19,2015
March,2,2015
May,8,2015
April,1,2015
March,16,2015
May,27,2015
January,16,2015
February,20,2015
April,15,2015
February,28,2015
May,11,2015
April,21,2015
March,24,2015
January,14,2015
January,17,2015
April,27,2015
March,10,2015
March,11,2015
February,21,2015
April,15,2015
April,17,2015
March,10,2015
March,1,2015
January,8,2015
May,5,2015
January,22,2015
January,30,2015
January,2,2015
May,17,2015
January,21,2015
April,24,2015
January,12,2015
March,6,2015
March,6,2015
March,15,2015
March,20,2015
April,6,2015
March,5,2015
March,5,2015
January,16,2015
May,25,2015
June,1,2015
January,31,2015
March,25,2015
February,9,2015
March,24,2015
April,4,2015
January,29,2015
February,5,2015
March,10,2015
January,25,2015
April,22,2015
April,4,2015
March,16,2015
February,3,2015
January,16,2015
